{
  "dev": {
    "awscloudformation": {
      "AuthRoleName": "amplify-pasale-dev-193931-authRole",
      "UnauthRoleArn": "arn:aws:iam::967661707579:role/amplify-pasale-dev-193931-unauthRole",
      "AuthRoleArn": "arn:aws:iam::967661707579:role/amplify-pasale-dev-193931-authRole",
      "Region": "ap-south-1",
      "DeploymentBucketName": "amplify-pasale-dev-193931-deployment",
      "UnauthRoleName": "amplify-pasale-dev-193931-unauthRole",
      "StackName": "amplify-pasale-dev-193931",
      "StackId": "arn:aws:cloudformation:ap-south-1:967661707579:stack/amplify-pasale-dev-193931/54997ce0-7903-11eb-80cf-0258fc74f428",
      "AmplifyAppId": "d2zaebct8ejiub"
    },
    "categories": {
      "auth": {
        "pasale12252181": {}
      }
    }
  }
}